{"info":{"year":"2025","version":"1","description":"Exported from roboflow.com","contributor":"","url":"https://public.roboflow.com/object-detection/undefined","date_created":"2025-03-16T07:44:38+00:00"},"licenses":[{"id":1,"url":"https://creativecommons.org/licenses/by/4.0/","name":"CC BY 4.0"}],"categories":[{"id":0,"name":"Volleyball","supercategory":"none"},{"id":1,"name":"Volleyball","supercategory":"Volleyball"}],"images":[{"id":0,"license":1,"file_name":"Volleyball_7_jpg.rf.02bfd592d67a6bed2b41ca49ba4cf1b9.jpg","height":1000,"width":1000,"date_captured":"2025-03-16T07:44:38+00:00","extra":{"name":"Volleyball_7.jpg"}},{"id":1,"license":1,"file_name":"Volleyball_75_jpg.rf.00d2976959b67b7a9108cd7eb65fe9e6.jpg","height":1024,"width":1024,"date_captured":"2025-03-16T07:44:38+00:00","extra":{"name":"Volleyball_75.jpg"}},{"id":2,"license":1,"file_name":"Volleyball_31_jpg.rf.069e08a89871dc7a028e6e13d324fa18.jpg","height":1900,"width":1900,"date_captured":"2025-03-16T07:44:38+00:00","extra":{"name":"Volleyball_31.jpg"}},{"id":3,"license":1,"file_name":"Volleyball_95_jpg.rf.03db46cf3412aef99731ed4ab314441e.jpg","height":1050,"width":1050,"date_captured":"2025-03-16T07:44:38+00:00","extra":{"name":"Volleyball_95.jpg"}},{"id":4,"license":1,"file_name":"Volleyball_136_jpg.rf.001f87cd9604f574951ed8e6d0bcc999.jpg","height":1280,"width":1280,"date_captured":"2025-03-16T07:44:38+00:00","extra":{"name":"Volleyball_136.jpg"}},{"id":5,"license":1,"file_name":"Volleyball_45_jpg.rf.056fc571e247c24a1b35de0c81b87ff6.jpg","height":1024,"width":1024,"date_captured":"2025-03-16T07:44:38+00:00","extra":{"name":"Volleyball_45.jpg"}},{"id":6,"license":1,"file_name":"Volleyball_10_jpg.rf.0594db815b444d84438788252d8369a9.jpg","height":1600,"width":1600,"date_captured":"2025-03-16T07:44:38+00:00","extra":{"name":"Volleyball_10.jpg"}},{"id":7,"license":1,"file_name":"Volleyball_197_jpg.rf.0a9eda03bd58d693896f06954be6c212.jpg","height":1600,"width":1600,"date_captured":"2025-03-16T07:44:38+00:00","extra":{"name":"Volleyball_197.jpg"}},{"id":8,"license":1,"file_name":"Volleyball_133_jpg.rf.08b55a203476e2f863b9bc6cfd67bb6f.jpg","height":1150,"width":1150,"date_captured":"2025-03-16T07:44:38+00:00","extra":{"name":"Volleyball_133.jpg"}},{"id":9,"license":1,"file_name":"Volleyball_79_jpg.rf.0c329194fb70ea60b7126731eb10f522.jpg","height":1280,"width":1280,"date_captured":"2025-03-16T07:44:38+00:00","extra":{"name":"Volleyball_79.jpg"}},{"id":10,"license":1,"file_name":"Volleyball_200_jpg.rf.0a9d844135ea2ba71d3ac0a6f45d07a0.jpg","height":1500,"width":1500,"date_captured":"2025-03-16T07:44:38+00:00","extra":{"name":"Volleyball_200.jpg"}},{"id":11,"license":1,"file_name":"Volleyball_119_jpg.rf.0eec9ea33d7a3b06d6a2130667b30333.jpg","height":1280,"width":1280,"date_captured":"2025-03-16T07:44:38+00:00","extra":{"name":"Volleyball_119.jpg"}},{"id":12,"license":1,"file_name":"Volleyball_67_jpg.rf.10f8057de3d68b7bae85e286c10ac7de.jpg","height":1000,"width":1000,"date_captured":"2025-03-16T07:44:38+00:00","extra":{"name":"Volleyball_67.jpg"}},{"id":13,"license":1,"file_name":"Volleyball_23_jpg.rf.20f2c082c8525a27f5b4b51d9b639c7c.jpg","height":1500,"width":1500,"date_captured":"2025-03-16T07:44:38+00:00","extra":{"name":"Volleyball_23.jpg"}},{"id":14,"license":1,"file_name":"Volleyball_68_jpg.rf.12300c14294bb20a3da65d3d75103c00.jpg","height":1600,"width":1600,"date_captured":"2025-03-16T07:44:38+00:00","extra":{"name":"Volleyball_68.jpg"}},{"id":15,"license":1,"file_name":"Volleyball_166_jpg.rf.0fb0dcb4583fa5bb4cfed99ec06e7ff8.jpg","height":1500,"width":1500,"date_captured":"2025-03-16T07:44:38+00:00","extra":{"name":"Volleyball_166.jpg"}},{"id":16,"license":1,"file_name":"Volleyball_179_jpg.rf.11dacc6f332bfef48cfee14ec6287c7f.jpg","height":1360,"width":1700,"date_captured":"2025-03-16T07:44:38+00:00","extra":{"name":"Volleyball_179.jpg"}},{"id":17,"license":1,"file_name":"Volleyball_90_jpg.rf.129b1c0c7ca593daa75848f04e560b4b.jpg","height":960,"width":960,"date_captured":"2025-03-16T07:44:38+00:00","extra":{"name":"Volleyball_90.jpg"}},{"id":18,"license":1,"file_name":"Volleyball_175_jpg.rf.21190affed64fa6014481665da16a9f1.jpg","height":900,"width":900,"date_captured":"2025-03-16T07:44:38+00:00","extra":{"name":"Volleyball_175.jpg"}},{"id":19,"license":1,"file_name":"Volleyball_82_jpg.rf.14d8f80db86471aa9ad15e5167ac3e40.jpg","height":1200,"width":799,"date_captured":"2025-03-16T07:44:38+00:00","extra":{"name":"Volleyball_82.jpg"}},{"id":20,"license":1,"file_name":"Volleyball_127_jpg.rf.1dc371a4514f352021ec6feb7b1add88.jpg","height":1200,"width":1200,"date_captured":"2025-03-16T07:44:38+00:00","extra":{"name":"Volleyball_127.jpg"}},{"id":21,"license":1,"file_name":"Volleyball_120_jpg.rf.2247979e7a36dc8a1175d8f638c19a14.jpg","height":225,"width":225,"date_captured":"2025-03-16T07:44:38+00:00","extra":{"name":"Volleyball_120.jpg"}},{"id":22,"license":1,"file_name":"Volleyball_192_jpg.rf.21eeaedb7bf9116f0378532815bbf9c3.jpg","height":900,"width":900,"date_captured":"2025-03-16T07:44:38+00:00","extra":{"name":"Volleyball_192.jpg"}},{"id":23,"license":1,"file_name":"Volleyball_180_jpg.rf.03668916dc15e775aad2c340947787d9.jpg","height":900,"width":900,"date_captured":"2025-03-16T07:44:38+00:00","extra":{"name":"Volleyball_180.jpg"}},{"id":24,"license":1,"file_name":"Volleyball_176_jpg.rf.22e8a2604e207d48c17e14a00c0235cf.jpg","height":1312,"width":1306,"date_captured":"2025-03-16T07:44:38+00:00","extra":{"name":"Volleyball_176.jpg"}},{"id":25,"license":1,"file_name":"CAMBIAR-4-_jpg.rf.1a36bd409a8f22109d141a3615400412.jpg","height":1000,"width":667,"date_captured":"2025-03-16T07:44:38+00:00","extra":{"name":"CAMBIAR-4-.jpg"}},{"id":26,"license":1,"file_name":"Volleyball_36_jpg.rf.19564f8e761fa962a2a42b65046319f9.jpg","height":1280,"width":1280,"date_captured":"2025-03-16T07:44:38+00:00","extra":{"name":"Volleyball_36.jpg"}},{"id":27,"license":1,"file_name":"Volleyball_12_jpg.rf.17a8f73271b7832cd31e264b45019e8b.jpg","height":1024,"width":1024,"date_captured":"2025-03-16T07:44:38+00:00","extra":{"name":"Volleyball_12.jpg"}},{"id":28,"license":1,"file_name":"Volleyball_64_jpg.rf.2c0291411958648943654f6811d4867b.jpg","height":1200,"width":1200,"date_captured":"2025-03-16T07:44:38+00:00","extra":{"name":"Volleyball_64.jpg"}},{"id":29,"license":1,"file_name":"Volleyball_26_jpg.rf.24e19f816746939e7c57d6c867d19971.jpg","height":1200,"width":799,"date_captured":"2025-03-16T07:44:38+00:00","extra":{"name":"Volleyball_26.jpg"}},{"id":30,"license":1,"file_name":"Volleyball_59_jpg.rf.189d6ee28b5365c1b6f77ae42ba281d7.jpg","height":1500,"width":1500,"date_captured":"2025-03-16T07:44:38+00:00","extra":{"name":"Volleyball_59.jpg"}},{"id":31,"license":1,"file_name":"Volleyball_123_jpg.rf.253c8ddbf2e533c4bcd5b40df4322a98.jpg","height":1700,"width":1360,"date_captured":"2025-03-16T07:44:38+00:00","extra":{"name":"Volleyball_123.jpg"}},{"id":32,"license":1,"file_name":"Volleyball_111_jpg.rf.2cf101971f3ceab6303c8b7054401b19.jpg","height":1200,"width":1200,"date_captured":"2025-03-16T07:44:38+00:00","extra":{"name":"Volleyball_111.jpg"}},{"id":33,"license":1,"file_name":"Volleyball_56_jpg.rf.2860a186135db723e727cee3c6746d5a.jpg","height":1312,"width":1306,"date_captured":"2025-03-16T07:44:38+00:00","extra":{"name":"Volleyball_56.jpg"}},{"id":34,"license":1,"file_name":"Volleyball_9_jpg.rf.1affec733f92b12ad47cded0c04650e4.jpg","height":1000,"width":959,"date_captured":"2025-03-16T07:44:38+00:00","extra":{"name":"Volleyball_9.jpg"}},{"id":35,"license":1,"file_name":"Volleyball_138_jpg.rf.2edafd56f4caaabda860158858a13ab0.jpg","height":1200,"width":1200,"date_captured":"2025-03-16T07:44:38+00:00","extra":{"name":"Volleyball_138.jpg"}},{"id":36,"license":1,"file_name":"Volleyball_178_jpg.rf.2d86352d65f59fbc33762697fd6187a5.jpg","height":1050,"width":1050,"date_captured":"2025-03-16T07:44:38+00:00","extra":{"name":"Volleyball_178.jpg"}},{"id":37,"license":1,"file_name":"Volleyball_184_jpg.rf.29d78e68317dee13b53276f58abfc9c1.jpg","height":1000,"width":1000,"date_captured":"2025-03-16T07:44:38+00:00","extra":{"name":"Volleyball_184.jpg"}},{"id":38,"license":1,"file_name":"Volleyball_2_jpg.rf.2a8204634ffbcfd6ef941437bba7f447.jpg","height":1300,"width":1300,"date_captured":"2025-03-16T07:44:38+00:00","extra":{"name":"Volleyball_2.jpg"}},{"id":39,"license":1,"file_name":"Volleyball_108_jpg.rf.2ee03543fb2e8a68fe438ec58385cc80.jpg","height":1200,"width":1200,"date_captured":"2025-03-16T07:44:38+00:00","extra":{"name":"Volleyball_108.jpg"}},{"id":40,"license":1,"file_name":"Volleyball_105_jpg.rf.33a5670cf9a449b73a96f07ebf4bc0e3.jpg","height":1500,"width":1500,"date_captured":"2025-03-16T07:44:38+00:00","extra":{"name":"Volleyball_105.jpg"}},{"id":41,"license":1,"file_name":"Volleyball_196_jpg.rf.36143f1b9223af0cd8532824d11b3526.jpg","height":1024,"width":1024,"date_captured":"2025-03-16T07:44:38+00:00","extra":{"name":"Volleyball_196.jpg"}},{"id":42,"license":1,"file_name":"Volleyball_47_jpg.rf.36d92b3b71e46a929ac1f14a8632b9ac.jpg","height":1418,"width":1500,"date_captured":"2025-03-16T07:44:38+00:00","extra":{"name":"Volleyball_47.jpg"}},{"id":43,"license":1,"file_name":"Volleyball_198_jpg.rf.36d4076fb3e5ca6545ab25f29199f0ca.jpg","height":1700,"width":1360,"date_captured":"2025-03-16T07:44:38+00:00","extra":{"name":"Volleyball_198.jpg"}},{"id":44,"license":1,"file_name":"Volleyball_158_jpg.rf.2fa0925e60310aad24b55661238b1923.jpg","height":900,"width":900,"date_captured":"2025-03-16T07:44:38+00:00","extra":{"name":"Volleyball_158.jpg"}},{"id":45,"license":1,"file_name":"Volleyball_83_jpg.rf.3a8886d5e4ec68275f6282ab69eeeb34.jpg","height":1150,"width":1150,"date_captured":"2025-03-16T07:44:38+00:00","extra":{"name":"Volleyball_83.jpg"}},{"id":46,"license":1,"file_name":"Volleyball_142_jpg.rf.38ed65d82241b3550041b40479f80f04.jpg","height":1593,"width":1600,"date_captured":"2025-03-16T07:44:38+00:00","extra":{"name":"Volleyball_142.jpg"}},{"id":47,"license":1,"file_name":"Volleyball_106_jpg.rf.3e1bdc8ff393cd18bf2bc369b6a2dd37.jpg","height":1024,"width":1024,"date_captured":"2025-03-16T07:44:38+00:00","extra":{"name":"Volleyball_106.jpg"}},{"id":48,"license":1,"file_name":"Volleyball_157_jpg.rf.36f6700c39365e9bdb3221ffd17ee5a0.jpg","height":1000,"width":1000,"date_captured":"2025-03-16T07:44:38+00:00","extra":{"name":"Volleyball_157.jpg"}},{"id":49,"license":1,"file_name":"Volleyball_128_jpg.rf.35cbac0bb11a079d4afb15d777d29cc7.jpg","height":1024,"width":1024,"date_captured":"2025-03-16T07:44:38+00:00","extra":{"name":"Volleyball_128.jpg"}},{"id":50,"license":1,"file_name":"Volleyball_135_jpg.rf.3bb92cd3e955604445adf397974d98ba.jpg","height":1500,"width":1500,"date_captured":"2025-03-16T07:44:38+00:00","extra":{"name":"Volleyball_135.jpg"}},{"id":51,"license":1,"file_name":"Volleyball_146_jpg.rf.48b26e684ef23dcfbd59a1fc450bac0b.jpg","height":1280,"width":1280,"date_captured":"2025-03-16T07:44:38+00:00","extra":{"name":"Volleyball_146.jpg"}},{"id":52,"license":1,"file_name":"Volleyball_73_jpg.rf.4269f8e4fbed7d0947570773e3d2b703.jpg","height":1280,"width":1280,"date_captured":"2025-03-16T07:44:38+00:00","extra":{"name":"Volleyball_73.jpg"}},{"id":53,"license":1,"file_name":"Volleyball_48_jpg.rf.4a9ded586a0f515bdff0a653fd9c75cc.jpg","height":1500,"width":1500,"date_captured":"2025-03-16T07:44:38+00:00","extra":{"name":"Volleyball_48.jpg"}},{"id":54,"license":1,"file_name":"Volleyball_8_jpg.rf.4f1963312a6e5e03e12778ff7eab11bf.jpg","height":1000,"width":1000,"date_captured":"2025-03-16T07:44:38+00:00","extra":{"name":"Volleyball_8.jpg"}},{"id":55,"license":1,"file_name":"Volleyball_156_jpg.rf.4273a87c64b608117f9cff6fd996310b.jpg","height":959,"width":1000,"date_captured":"2025-03-16T07:44:38+00:00","extra":{"name":"Volleyball_156.jpg"}},{"id":56,"license":1,"file_name":"Volleyball_65_jpg.rf.5131f97395f136dfd8a527f3022cc04b.jpg","height":1000,"width":1000,"date_captured":"2025-03-16T07:44:38+00:00","extra":{"name":"Volleyball_65.jpg"}},{"id":57,"license":1,"file_name":"Volleyball_60_jpg.rf.4dcfd533e922267fc62fa7e6bb31f79e.jpg","height":1050,"width":1050,"date_captured":"2025-03-16T07:44:38+00:00","extra":{"name":"Volleyball_60.jpg"}},{"id":58,"license":1,"file_name":"Volleyball_134_jpg.rf.47a32e007b8ddc45c5bd184916f8e13e.jpg","height":1024,"width":1013,"date_captured":"2025-03-16T07:44:38+00:00","extra":{"name":"Volleyball_134.jpg"}},{"id":59,"license":1,"file_name":"Volleyball_61_jpg.rf.3f5563f0539086faa873890e91d67a27.jpg","height":1600,"width":1600,"date_captured":"2025-03-16T07:44:38+00:00","extra":{"name":"Volleyball_61.jpg"}},{"id":60,"license":1,"file_name":"Volleyball_80_jpg.rf.44fdce662759b6ca3d3b2a0f53b84d0f.jpg","height":1306,"width":1312,"date_captured":"2025-03-16T07:44:38+00:00","extra":{"name":"Volleyball_80.jpg"}},{"id":61,"license":1,"file_name":"Volleyball_182_jpg.rf.438c59ab6aa4e2fc3c7bf2f5b82ef2e9.jpg","height":2000,"width":2000,"date_captured":"2025-03-16T07:44:38+00:00","extra":{"name":"Volleyball_182.jpg"}},{"id":62,"license":1,"file_name":"Volleyball_32_jpg.rf.52372434640de776cb36aa3de37694dd.jpg","height":1500,"width":1418,"date_captured":"2025-03-16T07:44:38+00:00","extra":{"name":"Volleyball_32.jpg"}},{"id":63,"license":1,"file_name":"Volleyball_25_jpg.rf.45c6180594121ede5858d069b2d2b35e.jpg","height":1000,"width":1000,"date_captured":"2025-03-16T07:44:38+00:00","extra":{"name":"Volleyball_25.jpg"}},{"id":64,"license":1,"file_name":"Volleyball_116_jpg.rf.505c2fed3278c13725e6c687b7276adb.jpg","height":1500,"width":1500,"date_captured":"2025-03-16T07:44:38+00:00","extra":{"name":"Volleyball_116.jpg"}},{"id":65,"license":1,"file_name":"Volleyball_114_jpg.rf.54d24a4de626d05b801256d87f7bdd32.jpg","height":1500,"width":1500,"date_captured":"2025-03-16T07:44:38+00:00","extra":{"name":"Volleyball_114.jpg"}},{"id":66,"license":1,"file_name":"Volleyball_35_jpg.rf.3f34810d131eca4996b2e57383055dff.jpg","height":1000,"width":1000,"date_captured":"2025-03-16T07:44:38+00:00","extra":{"name":"Volleyball_35.jpg"}},{"id":67,"license":1,"file_name":"Volleyball_177_jpg.rf.52b4fecb581e4d57ef21d825d68f8563.jpg","height":1013,"width":1024,"date_captured":"2025-03-16T07:44:38+00:00","extra":{"name":"Volleyball_177.jpg"}},{"id":68,"license":1,"file_name":"Volleyball_153_jpg.rf.5648f76ef2dafabe89a62240ade6cda4.jpg","height":1280,"width":1280,"date_captured":"2025-03-16T07:44:38+00:00","extra":{"name":"Volleyball_153.jpg"}},{"id":69,"license":1,"file_name":"Volleyball_6_jpg.rf.57cb83690d1d90b0d0e8d78fdd90a340.jpg","height":1000,"width":1000,"date_captured":"2025-03-16T07:44:38+00:00","extra":{"name":"Volleyball_6.jpg"}},{"id":70,"license":1,"file_name":"Volleyball_101_jpg.rf.54c16cd661fe2e9d21c004756c77e5b7.jpg","height":1200,"width":1200,"date_captured":"2025-03-16T07:44:38+00:00","extra":{"name":"Volleyball_101.jpg"}},{"id":71,"license":1,"file_name":"Volleyball_14_jpg.rf.53899df84255f13f4f996faf78d0e95a.jpg","height":1600,"width":900,"date_captured":"2025-03-16T07:44:38+00:00","extra":{"name":"Volleyball_14.jpg"}},{"id":72,"license":1,"file_name":"Volleyball_100_jpg.rf.612165d0c7ae1f2c2660c4058da7175d.jpg","height":900,"width":900,"date_captured":"2025-03-16T07:44:38+00:00","extra":{"name":"Volleyball_100.jpg"}},{"id":73,"license":1,"file_name":"Volleyball_20_jpg.rf.55bece8c01ca6456e43066e8af58e678.jpg","height":1280,"width":1280,"date_captured":"2025-03-16T07:44:38+00:00","extra":{"name":"Volleyball_20.jpg"}},{"id":74,"license":1,"file_name":"Volleyball_143_jpg.rf.625d1900a6173f8bf3bda60a3c35a411.jpg","height":1150,"width":1150,"date_captured":"2025-03-16T07:44:38+00:00","extra":{"name":"Volleyball_143.jpg"}},{"id":75,"license":1,"file_name":"Volleyball_152_jpg.rf.6658e8d33b7f78b79421ff3fcaa344dc.jpg","height":1017,"width":1047,"date_captured":"2025-03-16T07:44:38+00:00","extra":{"name":"Volleyball_152.jpg"}},{"id":76,"license":1,"file_name":"Volleyball_137_jpg.rf.5d482ba8a0ea6fc42089874bdce090da.jpg","height":1418,"width":1500,"date_captured":"2025-03-16T07:44:38+00:00","extra":{"name":"Volleyball_137.jpg"}},{"id":77,"license":1,"file_name":"Volleyball_54_jpg.rf.6cd720ceb92cf6a1db35cdd4dca0aa0b.jpg","height":799,"width":1200,"date_captured":"2025-03-16T07:44:38+00:00","extra":{"name":"Volleyball_54.jpg"}},{"id":78,"license":1,"file_name":"Volleyball_13_jpg.rf.781a95f12857543ed92417db1302f44b.jpg","height":1500,"width":1500,"date_captured":"2025-03-16T07:44:38+00:00","extra":{"name":"Volleyball_13.jpg"}},{"id":79,"license":1,"file_name":"Volleyball_125_jpg.rf.61301572bcbd1a73daec3f966e9ab68d.jpg","height":1280,"width":1280,"date_captured":"2025-03-16T07:44:38+00:00","extra":{"name":"Volleyball_125.jpg"}},{"id":80,"license":1,"file_name":"Volleyball_28_jpg.rf.740e766321acbc0d6e6ca7e7e9c0da18.jpg","height":1024,"width":1024,"date_captured":"2025-03-16T07:44:38+00:00","extra":{"name":"Volleyball_28.jpg"}},{"id":81,"license":1,"file_name":"Volleyball_76_jpg.rf.5cc70be81c0c86ab3f200bc14bcdb7a6.jpg","height":1024,"width":1024,"date_captured":"2025-03-16T07:44:38+00:00","extra":{"name":"Volleyball_76.jpg"}},{"id":82,"license":1,"file_name":"Volleyball_155_jpg.rf.72bd6115b1e1e27876ed5516b92bc99f.jpg","height":900,"width":900,"date_captured":"2025-03-16T07:44:38+00:00","extra":{"name":"Volleyball_155.jpg"}},{"id":83,"license":1,"file_name":"Volleyball_41_jpg.rf.6e0c3b96ce2b446935b7d71c5e8c301a.jpg","height":1500,"width":1500,"date_captured":"2025-03-16T07:44:38+00:00","extra":{"name":"Volleyball_41.jpg"}},{"id":84,"license":1,"file_name":"Volleyball_193_jpg.rf.70c42fe7ff81799d29c8c457bd4db518.jpg","height":1280,"width":1280,"date_captured":"2025-03-16T07:44:38+00:00","extra":{"name":"Volleyball_193.jpg"}},{"id":85,"license":1,"file_name":"Volleyball_154_jpg.rf.679a82f29a1c4c0776c95c5b80ab023f.jpg","height":1500,"width":1500,"date_captured":"2025-03-16T07:44:38+00:00","extra":{"name":"Volleyball_154.jpg"}},{"id":86,"license":1,"file_name":"Volleyball_186_jpg.rf.6a0c61a83e7ab640ad14fcbfc5e3d1c6.jpg","height":1000,"width":959,"date_captured":"2025-03-16T07:44:38+00:00","extra":{"name":"Volleyball_186.jpg"}},{"id":87,"license":1,"file_name":"Volleyball_53_jpg.rf.391a12a8abd630ecdb109ab84c7dbfbb.jpg","height":1000,"width":1000,"date_captured":"2025-03-16T07:44:38+00:00","extra":{"name":"Volleyball_53.jpg"}},{"id":88,"license":1,"file_name":"Volleyball_162_jpg.rf.64ebab68c37127bc39dbedaff6c8e600.jpg","height":2000,"width":2000,"date_captured":"2025-03-16T07:44:38+00:00","extra":{"name":"Volleyball_162.jpg"}},{"id":89,"license":1,"file_name":"Volleyball_169_jpg.rf.6f28a622639ce81730cd74fa0f8bd948.jpg","height":1300,"width":1300,"date_captured":"2025-03-16T07:44:38+00:00","extra":{"name":"Volleyball_169.jpg"}},{"id":90,"license":1,"file_name":"Volleyball_92_jpg.rf.6ba1cde5e610df00dd6ef81c067ef680.jpg","height":900,"width":1600,"date_captured":"2025-03-16T07:44:38+00:00","extra":{"name":"Volleyball_92.jpg"}},{"id":91,"license":1,"file_name":"Volleyball_131_jpg.rf.7d50d9745f4e18c7ceaf5ac34f45bae8.jpg","height":1000,"width":1000,"date_captured":"2025-03-16T07:44:38+00:00","extra":{"name":"Volleyball_131.jpg"}},{"id":92,"license":1,"file_name":"Volleyball_1_jpg.rf.7e6201a6d2e383ba7e645d608761def5.jpg","height":800,"width":1200,"date_captured":"2025-03-16T07:44:38+00:00","extra":{"name":"Volleyball_1.jpg"}},{"id":93,"license":1,"file_name":"Volleyball_98_jpg.rf.61f2f9cc048f16cf567a252d066d06ec.jpg","height":1000,"width":1000,"date_captured":"2025-03-16T07:44:38+00:00","extra":{"name":"Volleyball_98.jpg"}},{"id":94,"license":1,"file_name":"Volleyball_77_jpg.rf.79c6e4e2f1dd1b85b5db2df9337b0308.jpg","height":1306,"width":1312,"date_captured":"2025-03-16T07:44:38+00:00","extra":{"name":"Volleyball_77.jpg"}},{"id":95,"license":1,"file_name":"Volleyball_167_jpg.rf.7c07da784dd4cbff6654a62c521700d8.jpg","height":1280,"width":1280,"date_captured":"2025-03-16T07:44:38+00:00","extra":{"name":"Volleyball_167.jpg"}},{"id":96,"license":1,"file_name":"Volleyball_63_jpg.rf.8fd855ae1387e4045eba6336ea16ee14.jpg","height":1500,"width":1500,"date_captured":"2025-03-16T07:44:38+00:00","extra":{"name":"Volleyball_63.jpg"}},{"id":97,"license":1,"file_name":"Volleyball_85_jpg.rf.81082debccc72d59bf24a0e393da261b.jpg","height":1280,"width":1280,"date_captured":"2025-03-16T07:44:38+00:00","extra":{"name":"Volleyball_85.jpg"}},{"id":98,"license":1,"file_name":"Volleyball_118_jpg.rf.83c1605ff84304e0722c24b36163045c.jpg","height":1280,"width":1280,"date_captured":"2025-03-16T07:44:38+00:00","extra":{"name":"Volleyball_118.jpg"}},{"id":99,"license":1,"file_name":"Volleyball_164_jpg.rf.84290d38620eb847ab827be67a5fef36.jpg","height":1280,"width":1280,"date_captured":"2025-03-16T07:44:38+00:00","extra":{"name":"Volleyball_164.jpg"}},{"id":100,"license":1,"file_name":"Volleyball_93_jpg.rf.842ce5532affbe32e7240c8d2b073236.jpg","height":900,"width":1600,"date_captured":"2025-03-16T07:44:38+00:00","extra":{"name":"Volleyball_93.jpg"}},{"id":101,"license":1,"file_name":"Volleyball_86_jpg.rf.99f398ed844d124726bb84af8afac572.jpg","height":225,"width":225,"date_captured":"2025-03-16T07:44:38+00:00","extra":{"name":"Volleyball_86.jpg"}},{"id":102,"license":1,"file_name":"Volleyball_102_jpg.rf.8fa863bf9a46574a9bb68d5afb9ba865.jpg","height":1024,"width":1024,"date_captured":"2025-03-16T07:44:38+00:00","extra":{"name":"Volleyball_102.jpg"}},{"id":103,"license":1,"file_name":"Volleyball_172_jpg.rf.a57ac3dc395bd2fb24eb950f192b837e.jpg","height":1000,"width":1000,"date_captured":"2025-03-16T07:44:38+00:00","extra":{"name":"Volleyball_172.jpg"}},{"id":104,"license":1,"file_name":"Volleyball_139_jpg.rf.91d3a0b58e6efa9feb95e7c7f847bbb8.jpg","height":1280,"width":1280,"date_captured":"2025-03-16T07:44:38+00:00","extra":{"name":"Volleyball_139.jpg"}},{"id":105,"license":1,"file_name":"Volleyball_112_jpg.rf.9727a9d474dce5e87a7c69ab825c38b9.jpg","height":1080,"width":810,"date_captured":"2025-03-16T07:44:38+00:00","extra":{"name":"Volleyball_112.jpg"}},{"id":106,"license":1,"file_name":"CAMBIAR-2-_jpg.rf.94ea725af39ec067a94795d7354b1ee7.jpg","height":1000,"width":1000,"date_captured":"2025-03-16T07:44:38+00:00","extra":{"name":"CAMBIAR-2-.jpg"}},{"id":107,"license":1,"file_name":"Volleyball_38_jpg.rf.91ebfd943e63fee76896f6bcbb91e212.jpg","height":1500,"width":1500,"date_captured":"2025-03-16T07:44:38+00:00","extra":{"name":"Volleyball_38.jpg"}},{"id":108,"license":1,"file_name":"Volleyball_145_jpg.rf.a1addf0de9a94321c65117bc76a8daf7.jpg","height":1200,"width":1200,"date_captured":"2025-03-16T07:44:38+00:00","extra":{"name":"Volleyball_145.jpg"}},{"id":109,"license":1,"file_name":"Volleyball_96_jpg.rf.9e7c6cc4e009b3529a2169b769ff1f50.jpg","height":1360,"width":1700,"date_captured":"2025-03-16T07:44:38+00:00","extra":{"name":"Volleyball_96.jpg"}},{"id":110,"license":1,"file_name":"Volleyball_46_jpg.rf.9491905d9a8e5147077ce7c8478ce10f.jpg","height":1200,"width":1200,"date_captured":"2025-03-16T07:44:38+00:00","extra":{"name":"Volleyball_46.jpg"}},{"id":111,"license":1,"file_name":"Volleyball_171_jpg.rf.a63a0fd2d232b8d2bcd522570d35d6f5.jpg","height":900,"width":900,"date_captured":"2025-03-16T07:44:38+00:00","extra":{"name":"Volleyball_171.jpg"}},{"id":112,"license":1,"file_name":"Volleyball_11_jpg.rf.9a679ae43f7b6756968bdae39f16e36b.jpg","height":1000,"width":1000,"date_captured":"2025-03-16T07:44:38+00:00","extra":{"name":"Volleyball_11.jpg"}},{"id":113,"license":1,"file_name":"Volleyball_163_jpg.rf.9a7ae4237b0de1dd427b8ddf2bb075e0.jpg","height":960,"width":960,"date_captured":"2025-03-16T07:44:38+00:00","extra":{"name":"Volleyball_163.jpg"}},{"id":114,"license":1,"file_name":"Volleyball_151_jpg.rf.9e2e7e70793b416450f586964c9133b6.jpg","height":900,"width":900,"date_captured":"2025-03-16T07:44:38+00:00","extra":{"name":"Volleyball_151.jpg"}},{"id":115,"license":1,"file_name":"Volleyball_194_jpg.rf.a663b0dd99883390727bd1f1798ed21e.jpg","height":768,"width":1024,"date_captured":"2025-03-16T07:44:38+00:00","extra":{"name":"Volleyball_194.jpg"}},{"id":116,"license":1,"file_name":"Volleyball_165_jpg.rf.92f6d340309b2ac81f94f6328129a9d5.jpg","height":1000,"width":1000,"date_captured":"2025-03-16T07:44:38+00:00","extra":{"name":"Volleyball_165.jpg"}},{"id":117,"license":1,"file_name":"Volleyball_129_jpg.rf.a4abdaa9a1dc0ce8d859abc22bf82ada.jpg","height":1500,"width":1500,"date_captured":"2025-03-16T07:44:38+00:00","extra":{"name":"Volleyball_129.jpg"}},{"id":118,"license":1,"file_name":"Volleyball_121_jpg.rf.b1b805f0f9cf741c6de75ad2fb7fbb25.jpg","height":1500,"width":1500,"date_captured":"2025-03-16T07:44:38+00:00","extra":{"name":"Volleyball_121.jpg"}},{"id":119,"license":1,"file_name":"Volleyball_150_jpg.rf.b302c90cbb4b6fb79e91898ddff0bd23.jpg","height":799,"width":1200,"date_captured":"2025-03-16T07:44:38+00:00","extra":{"name":"Volleyball_150.jpg"}},{"id":120,"license":1,"file_name":"Volleyball_24_jpg.rf.825559a5538a3d1905d93f263495acb7.jpg","height":1900,"width":1900,"date_captured":"2025-03-16T07:44:38+00:00","extra":{"name":"Volleyball_24.jpg"}},{"id":121,"license":1,"file_name":"Volleyball_91_jpg.rf.a6dcb2803785d85ecc329da86c108cb0.jpg","height":1280,"width":1280,"date_captured":"2025-03-16T07:44:38+00:00","extra":{"name":"Volleyball_91.jpg"}},{"id":122,"license":1,"file_name":"Volleyball_37_jpg.rf.b30a90be3ec9300e3aa7fe52052c567d.jpg","height":1200,"width":1200,"date_captured":"2025-03-16T07:44:38+00:00","extra":{"name":"Volleyball_37.jpg"}},{"id":123,"license":1,"file_name":"Volleyball_71_jpg.rf.ab9c212001fd4f656e7a88951c0f337f.jpg","height":1050,"width":1050,"date_captured":"2025-03-16T07:44:38+00:00","extra":{"name":"Volleyball_71.jpg"}},{"id":124,"license":1,"file_name":"Volleyball_4_jpg.rf.a65a6ea2748220f23e722c69606fda32.jpg","height":1500,"width":1500,"date_captured":"2025-03-16T07:44:38+00:00","extra":{"name":"Volleyball_4.jpg"}},{"id":125,"license":1,"file_name":"Volleyball_39_jpg.rf.8d795edde3ffcf7b617b647db0a3578f.jpg","height":1000,"width":1000,"date_captured":"2025-03-16T07:44:38+00:00","extra":{"name":"Volleyball_39.jpg"}},{"id":126,"license":1,"file_name":"Volleyball_148_jpg.rf.9bfb4307a55670f46e810e46eb85af3e.jpg","height":1280,"width":1280,"date_captured":"2025-03-16T07:44:38+00:00","extra":{"name":"Volleyball_148.jpg"}},{"id":127,"license":1,"file_name":"Volleyball_107_jpg.rf.b6de17a5606936b6c34d6aa2da8bff57.jpg","height":1500,"width":1500,"date_captured":"2025-03-16T07:44:38+00:00","extra":{"name":"Volleyball_107.jpg"}},{"id":128,"license":1,"file_name":"Volleyball_69_jpg.rf.b4645b1a2faa45dc4b02038caa67a8c9.jpg","height":1150,"width":1150,"date_captured":"2025-03-16T07:44:38+00:00","extra":{"name":"Volleyball_69.jpg"}},{"id":129,"license":1,"file_name":"Volleyball_51_jpg.rf.b0d489a148c7be9c15f384ce6c142de0.jpg","height":1080,"width":1920,"date_captured":"2025-03-16T07:44:38+00:00","extra":{"name":"Volleyball_51.jpg"}},{"id":130,"license":1,"file_name":"Volleyball_43_jpg.rf.bd82fe6bb72ca211e4b89b8b41b77806.jpg","height":1280,"width":1280,"date_captured":"2025-03-16T07:44:38+00:00","extra":{"name":"Volleyball_43.jpg"}},{"id":131,"license":1,"file_name":"Volleyball_16_jpg.rf.ba5597544615e3de4fd3e8df733ddd60.jpg","height":1280,"width":1280,"date_captured":"2025-03-16T07:44:38+00:00","extra":{"name":"Volleyball_16.jpg"}},{"id":132,"license":1,"file_name":"Volleyball_74_jpg.rf.87d48fa85be79701a4a49b854ae0a999.jpg","height":960,"width":960,"date_captured":"2025-03-16T07:44:38+00:00","extra":{"name":"Volleyball_74.jpg"}},{"id":133,"license":1,"file_name":"Volleyball_181_jpg.rf.b832173a60cb7af90fc0cb706f1a361a.jpg","height":1900,"width":1900,"date_captured":"2025-03-16T07:44:38+00:00","extra":{"name":"Volleyball_181.jpg"}},{"id":134,"license":1,"file_name":"Volleyball_78_jpg.rf.bf63f8a249f23b5ad6bce12db30cb149.jpg","height":1000,"width":1000,"date_captured":"2025-03-16T07:44:38+00:00","extra":{"name":"Volleyball_78.jpg"}},{"id":135,"license":1,"file_name":"Volleyball_17_jpg.rf.becce10f50a9576725e95278f8e41078.jpg","height":1200,"width":1200,"date_captured":"2025-03-16T07:44:38+00:00","extra":{"name":"Volleyball_17.jpg"}},{"id":136,"license":1,"file_name":"Volleyball_99_jpg.rf.a78c7b83e80833058005dad5faded554.jpg","height":1280,"width":1280,"date_captured":"2025-03-16T07:44:38+00:00","extra":{"name":"Volleyball_99.jpg"}},{"id":137,"license":1,"file_name":"Volleyball_183_jpg.rf.b7ec0b89cd49533bd374fab22348c196.jpg","height":1280,"width":1280,"date_captured":"2025-03-16T07:44:38+00:00","extra":{"name":"Volleyball_183.jpg"}},{"id":138,"license":1,"file_name":"Volleyball_81_jpg.rf.bfaa9e99a313097293b3cb698f30c5b3.jpg","height":1024,"width":1024,"date_captured":"2025-03-16T07:44:38+00:00","extra":{"name":"Volleyball_81.jpg"}},{"id":139,"license":1,"file_name":"Volleyball_191_jpg.rf.bfe50e26db08a17deb2c9ecfa41d13c1.jpg","height":1600,"width":1400,"date_captured":"2025-03-16T07:44:38+00:00","extra":{"name":"Volleyball_191.jpg"}},{"id":140,"license":1,"file_name":"Volleyball_89_jpg.rf.bf4d146ac9f5d702053c40fc3f4931c0.jpg","height":1280,"width":1280,"date_captured":"2025-03-16T07:44:38+00:00","extra":{"name":"Volleyball_89.jpg"}},{"id":141,"license":1,"file_name":"Volleyball_122_jpg.rf.b5e517db7696dd4f283d5c6d267583b7.jpg","height":900,"width":900,"date_captured":"2025-03-16T07:44:38+00:00","extra":{"name":"Volleyball_122.jpg"}},{"id":142,"license":1,"file_name":"Volleyball_174_jpg.rf.bba354fe80123bcf811474eb36daf8ac.jpg","height":1000,"width":1000,"date_captured":"2025-03-16T07:44:38+00:00","extra":{"name":"Volleyball_174.jpg"}},{"id":143,"license":1,"file_name":"Volleyball_147_jpg.rf.c21bd8de2399061f302b3ab3baf5946c.jpg","height":900,"width":900,"date_captured":"2025-03-16T07:44:38+00:00","extra":{"name":"Volleyball_147.jpg"}},{"id":144,"license":1,"file_name":"Volleyball_124_jpg.rf.c3648c79292ff238a9ac03c10898bcc3.jpg","height":1080,"width":956,"date_captured":"2025-03-16T07:44:38+00:00","extra":{"name":"Volleyball_124.jpg"}},{"id":145,"license":1,"file_name":"Volleyball_149_jpg.rf.c4b5ffbde567749e096383fd85226fcc.jpg","height":1200,"width":1200,"date_captured":"2025-03-16T07:44:38+00:00","extra":{"name":"Volleyball_149.jpg"}},{"id":146,"license":1,"file_name":"Volleyball_188_jpg.rf.c581850395fba28ebbefa994a3e0510b.jpg","height":1000,"width":1000,"date_captured":"2025-03-16T07:44:38+00:00","extra":{"name":"Volleyball_188.jpg"}},{"id":147,"license":1,"file_name":"Volleyball_189_jpg.rf.c044e343720f3a674036386e196dbc13.jpg","height":1280,"width":1280,"date_captured":"2025-03-16T07:44:38+00:00","extra":{"name":"Volleyball_189.jpg"}},{"id":148,"license":1,"file_name":"Volleyball_159_jpg.rf.c492fd9e83d52e4f9a6c9b12b43bd369.jpg","height":2000,"width":2000,"date_captured":"2025-03-16T07:44:38+00:00","extra":{"name":"Volleyball_159.jpg"}},{"id":149,"license":1,"file_name":"Volleyball_117_jpg.rf.d3be4d79615924db27d4bdf96ab5da0c.jpg","height":1500,"width":1418,"date_captured":"2025-03-16T07:44:38+00:00","extra":{"name":"Volleyball_117.jpg"}},{"id":150,"license":1,"file_name":"Volleyball_185_jpg.rf.d226ae10bf9af3cf39ece4925ac0b0fa.jpg","height":900,"width":900,"date_captured":"2025-03-16T07:44:38+00:00","extra":{"name":"Volleyball_185.jpg"}},{"id":151,"license":1,"file_name":"Volleyball_161_jpg.rf.d51d05e2f6b58d84f990e2f7a674cbdd.jpg","height":2000,"width":2000,"date_captured":"2025-03-16T07:44:38+00:00","extra":{"name":"Volleyball_161.jpg"}},{"id":152,"license":1,"file_name":"Volleyball_94_jpg.rf.d31374951cb410e162754dca6db62dde.jpg","height":1600,"width":900,"date_captured":"2025-03-16T07:44:38+00:00","extra":{"name":"Volleyball_94.jpg"}},{"id":153,"license":1,"file_name":"Volleyball_126_jpg.rf.d3301098023804671022ca8a10acc70a.jpg","height":1600,"width":1400,"date_captured":"2025-03-16T07:44:38+00:00","extra":{"name":"Volleyball_126.jpg"}},{"id":154,"license":1,"file_name":"Volleyball_141_jpg.rf.d2e59291da97437699544cd6122add86.jpg","height":225,"width":225,"date_captured":"2025-03-16T07:44:38+00:00","extra":{"name":"Volleyball_141.jpg"}},{"id":155,"license":1,"file_name":"Volleyball_168_jpg.rf.d04b794871717960b173f036382c3d05.jpg","height":1280,"width":1280,"date_captured":"2025-03-16T07:44:38+00:00","extra":{"name":"Volleyball_168.jpg"}},{"id":156,"license":1,"file_name":"Volleyball_199_jpg.rf.c8301d4f9d57b4831a367faaa22cfef7.jpg","height":1500,"width":1500,"date_captured":"2025-03-16T07:44:38+00:00","extra":{"name":"Volleyball_199.jpg"}},{"id":157,"license":1,"file_name":"Volleyball_30_jpg.rf.db6ac481627e846b96be9aeca38f6bdc.jpg","height":1024,"width":1024,"date_captured":"2025-03-16T07:44:38+00:00","extra":{"name":"Volleyball_30.jpg"}},{"id":158,"license":1,"file_name":"Volleyball_110_jpg.rf.cdacb0d9e7707e0ec20040746ce55489.jpg","height":1000,"width":1000,"date_captured":"2025-03-16T07:44:38+00:00","extra":{"name":"Volleyball_110.jpg"}},{"id":159,"license":1,"file_name":"Volleyball_195_jpg.rf.c809de2341052e61fcc34a6e58619f4b.jpg","height":1400,"width":1600,"date_captured":"2025-03-16T07:44:38+00:00","extra":{"name":"Volleyball_195.jpg"}},{"id":160,"license":1,"file_name":"CAMBIAR-3-_jpg.rf.c49d1bb61a4516d530354dbb5bbc14a9.jpg","height":983,"width":1000,"date_captured":"2025-03-16T07:44:38+00:00","extra":{"name":"CAMBIAR-3-.jpg"}},{"id":161,"license":1,"file_name":"Volleyball_58_jpg.rf.dc17ca8a908b2c6aced8eb7f742d0e1f.jpg","height":1500,"width":1500,"date_captured":"2025-03-16T07:44:38+00:00","extra":{"name":"Volleyball_58.jpg"}},{"id":162,"license":1,"file_name":"Volleyball_130_jpg.rf.cdd92ecef6a813f7a2d2166fee03e31f.jpg","height":1000,"width":1000,"date_captured":"2025-03-16T07:44:38+00:00","extra":{"name":"Volleyball_130.jpg"}},{"id":163,"license":1,"file_name":"Volleyball_5_jpg.rf.d8598d6cc3514eeb175fddea238d6491.jpg","height":959,"width":1000,"date_captured":"2025-03-16T07:44:38+00:00","extra":{"name":"Volleyball_5.jpg"}},{"id":164,"license":1,"file_name":"Volleyball_49_jpg.rf.d79599122e203e912da5a945b60c4a2b.jpg","height":1000,"width":1000,"date_captured":"2025-03-16T07:44:38+00:00","extra":{"name":"Volleyball_49.jpg"}},{"id":165,"license":1,"file_name":"Volleyball_132_jpg.rf.d71bcad3af46912734ef0c1edf3501ff.jpg","height":2000,"width":2000,"date_captured":"2025-03-16T07:44:38+00:00","extra":{"name":"Volleyball_132.jpg"}},{"id":166,"license":1,"file_name":"Volleyball_104_jpg.rf.c6fbb614ad94bbc56d431bdade5814f0.jpg","height":1920,"width":1080,"date_captured":"2025-03-16T07:44:38+00:00","extra":{"name":"Volleyball_104.jpg"}},{"id":167,"license":1,"file_name":"Volleyball_55_jpg.rf.dcb74532318597a150df3fff61dbd015.jpg","height":1024,"width":1024,"date_captured":"2025-03-16T07:44:38+00:00","extra":{"name":"Volleyball_55.jpg"}},{"id":168,"license":1,"file_name":"Volleyball_42_jpg.rf.dc730fe5522d80d27764a8fac67ba866.jpg","height":1400,"width":1600,"date_captured":"2025-03-16T07:44:38+00:00","extra":{"name":"Volleyball_42.jpg"}},{"id":169,"license":1,"file_name":"Volleyball_27_jpg.rf.c245297dd007138e1aefde73f8b8c9c1.jpg","height":1024,"width":1024,"date_captured":"2025-03-16T07:44:38+00:00","extra":{"name":"Volleyball_27.jpg"}},{"id":170,"license":1,"file_name":"Volleyball_29_jpg.rf.d2480c22676dfc089e64a9ee982fca4a.jpg","height":1280,"width":1280,"date_captured":"2025-03-16T07:44:38+00:00","extra":{"name":"Volleyball_29.jpg"}},{"id":171,"license":1,"file_name":"Volleyball_40_jpg.rf.dbed3d3cedea0a3cb843580a3038168b.jpg","height":1000,"width":1000,"date_captured":"2025-03-16T07:44:38+00:00","extra":{"name":"Volleyball_40.jpg"}},{"id":172,"license":1,"file_name":"Volleyball_113_jpg.rf.e9c3d1c96347d164753860f9040d91e2.jpg","height":2000,"width":2000,"date_captured":"2025-03-16T07:44:38+00:00","extra":{"name":"Volleyball_113.jpg"}},{"id":173,"license":1,"file_name":"Volleyball_173_jpg.rf.dd1c8c305c191bffd1c496587be6a12d.jpg","height":1024,"width":1013,"date_captured":"2025-03-16T07:44:38+00:00","extra":{"name":"Volleyball_173.jpg"}},{"id":174,"license":1,"file_name":"CAMBIAR-1-_jpg.rf.eff99694240ced198dc1aa970ff46dd0.jpg","height":800,"width":1000,"date_captured":"2025-03-16T07:44:38+00:00","extra":{"name":"CAMBIAR-1-.jpg"}},{"id":175,"license":1,"file_name":"Volleyball_15_jpg.rf.e5c1b42935aae86b79b48529c4b2d3b4.jpg","height":1013,"width":1024,"date_captured":"2025-03-16T07:44:38+00:00","extra":{"name":"Volleyball_15.jpg"}},{"id":176,"license":1,"file_name":"Volleyball_44_jpg.rf.eb4d452d3736caf931096bc78c385c86.jpg","height":1280,"width":1280,"date_captured":"2025-03-16T07:44:38+00:00","extra":{"name":"Volleyball_44.jpg"}},{"id":177,"license":1,"file_name":"Volleyball_70_jpg.rf.e9c4990ce7568a398d03f60d10325c64.jpg","height":1200,"width":1200,"date_captured":"2025-03-16T07:44:38+00:00","extra":{"name":"Volleyball_70.jpg"}},{"id":178,"license":1,"file_name":"Volleyball_18_jpg.rf.ee72693b9e5e6742c63bc49254ad9176.jpg","height":1500,"width":1500,"date_captured":"2025-03-16T07:44:38+00:00","extra":{"name":"Volleyball_18.jpg"}},{"id":179,"license":1,"file_name":"Volleyball_109_jpg.rf.f15d02953a66a1a6b0b5592cf5a238a9.jpg","height":1280,"width":1280,"date_captured":"2025-03-16T07:44:38+00:00","extra":{"name":"Volleyball_109.jpg"}},{"id":180,"license":1,"file_name":"Volleyball_103_jpg.rf.f6ef1cef57e0531179bc9770c4645e4d.jpg","height":1024,"width":1023,"date_captured":"2025-03-16T07:44:38+00:00","extra":{"name":"Volleyball_103.jpg"}},{"id":181,"license":1,"file_name":"Volleyball_34_jpg.rf.e4b864f45def9d3f6ea66317bb9b9ada.jpg","height":1024,"width":1024,"date_captured":"2025-03-16T07:44:38+00:00","extra":{"name":"Volleyball_34.jpg"}},{"id":182,"license":1,"file_name":"Volleyball_19_jpg.rf.f6f0485e60d3d503fd45f0a5e9bfeb71.jpg","height":1280,"width":1280,"date_captured":"2025-03-16T07:44:38+00:00","extra":{"name":"Volleyball_19.jpg"}},{"id":183,"license":1,"file_name":"Volleyball_52_jpg.rf.e7d9322188e13e1529cfdbe63efaa3e9.jpg","height":1500,"width":1500,"date_captured":"2025-03-16T07:44:38+00:00","extra":{"name":"Volleyball_52.jpg"}},{"id":184,"license":1,"file_name":"Volleyball_21_jpg.rf.e62774ee5d7dcd4c531d6e56203a38dc.jpg","height":1500,"width":1500,"date_captured":"2025-03-16T07:44:38+00:00","extra":{"name":"Volleyball_21.jpg"}},{"id":185,"license":1,"file_name":"Volleyball_84_jpg.rf.f247c600fbd7db0176c390129c7b3f5e.jpg","height":1200,"width":1200,"date_captured":"2025-03-16T07:44:38+00:00","extra":{"name":"Volleyball_84.jpg"}},{"id":186,"license":1,"file_name":"Volleyball_144_jpg.rf.f35b3f9b310d742f177e3aef91fc4b6b.jpg","height":1280,"width":1280,"date_captured":"2025-03-16T07:44:38+00:00","extra":{"name":"Volleyball_144.jpg"}},{"id":187,"license":1,"file_name":"Volleyball_97_jpg.rf.f86fa62873fc042691b73efcd214bf19.jpg","height":1500,"width":1500,"date_captured":"2025-03-16T07:44:38+00:00","extra":{"name":"Volleyball_97.jpg"}},{"id":188,"license":1,"file_name":"Volleyball_22_jpg.rf.f97ddad28b3616f0a0fa9808500a47a0.jpg","height":1280,"width":1280,"date_captured":"2025-03-16T07:44:38+00:00","extra":{"name":"Volleyball_22.jpg"}},{"id":189,"license":1,"file_name":"Volleyball_115_jpg.rf.e8442e9efb31b2c012e6ce42035aa27d.jpg","height":1500,"width":1500,"date_captured":"2025-03-16T07:44:38+00:00","extra":{"name":"Volleyball_115.jpg"}},{"id":190,"license":1,"file_name":"Volleyball_190_jpg.rf.ed170a35f819f73bb882d69d79077310.jpg","height":2000,"width":2000,"date_captured":"2025-03-16T07:44:38+00:00","extra":{"name":"Volleyball_190.jpg"}},{"id":191,"license":1,"file_name":"Volleyball_170_jpg.rf.e85b741df3f5b71f36cff27f8e9618d0.jpg","height":1280,"width":1280,"date_captured":"2025-03-16T07:44:38+00:00","extra":{"name":"Volleyball_170.jpg"}},{"id":192,"license":1,"file_name":"Volleyball_66_jpg.rf.f62fcda3c2c7b6bc68135d8975dfd562.jpg","height":1000,"width":1000,"date_captured":"2025-03-16T07:44:38+00:00","extra":{"name":"Volleyball_66.jpg"}},{"id":193,"license":1,"file_name":"Volleyball_33_jpg.rf.f8fec8687eba98671f9e6c4d0dfbb5ba.jpg","height":1280,"width":1280,"date_captured":"2025-03-16T07:44:38+00:00","extra":{"name":"Volleyball_33.jpg"}},{"id":194,"license":1,"file_name":"Volleyball_72_jpg.rf.fb2fa9cfc0f36f9839c612a3c8447b84.jpg","height":1000,"width":1000,"date_captured":"2025-03-16T07:44:38+00:00","extra":{"name":"Volleyball_72.jpg"}},{"id":195,"license":1,"file_name":"Volleyball_50_jpg.rf.feef47122a84a3df8f63313ea612cb70.jpg","height":1280,"width":1280,"date_captured":"2025-03-16T07:44:38+00:00","extra":{"name":"Volleyball_50.jpg"}},{"id":196,"license":1,"file_name":"Volleyball_87_jpg.rf.fd3169ecdff2f7555a5ec743bdcf2c66.jpg","height":2000,"width":2000,"date_captured":"2025-03-16T07:44:38+00:00","extra":{"name":"Volleyball_87.jpg"}},{"id":197,"license":1,"file_name":"Volleyball_160_jpg.rf.eb1a1a7c5e64d7d328c8ffb33a142f09.jpg","height":1500,"width":1500,"date_captured":"2025-03-16T07:44:38+00:00","extra":{"name":"Volleyball_160.jpg"}},{"id":198,"license":1,"file_name":"Volleyball_88_jpg.rf.f2e0a2ff8b6b1e89c65c7e7124e6fdf9.jpg","height":1900,"width":1900,"date_captured":"2025-03-16T07:44:38+00:00","extra":{"name":"Volleyball_88.jpg"}},{"id":199,"license":1,"file_name":"Volleyball_140_jpg.rf.f18d1328454a7183c6e032839cffb8d2.jpg","height":1280,"width":1280,"date_captured":"2025-03-16T07:44:38+00:00","extra":{"name":"Volleyball_140.jpg"}}],"annotations":[{"id":0,"image_id":0,"category_id":1,"bbox":[22,27,947.54,945.33],"area":895737.988,"segmentation":[],"iscrowd":0},{"id":1,"image_id":1,"category_id":1,"bbox":[7,7,1017.33,1017.33],"area":1034960.329,"segmentation":[],"iscrowd":0},{"id":2,"image_id":2,"category_id":1,"bbox":[0,7,1900,1893.33],"area":3597327,"segmentation":[],"iscrowd":0},{"id":3,"image_id":3,"category_id":1,"bbox":[106,44,852.44,878.52],"area":748885.589,"segmentation":[],"iscrowd":0},{"id":4,"image_id":4,"category_id":1,"bbox":[18,0,1262.5,1280],"area":1616000,"segmentation":[],"iscrowd":0},{"id":5,"image_id":5,"category_id":1,"bbox":[5,3,1019,1020.67],"area":1040062.73,"segmentation":[],"iscrowd":0},{"id":6,"image_id":6,"category_id":1,"bbox":[213,213,1146.85,1137.33],"area":1304346.91,"segmentation":[],"iscrowd":0},{"id":7,"image_id":7,"category_id":1,"bbox":[240,243,1157.94,1171.86],"area":1356943.568,"segmentation":[],"iscrowd":0},{"id":8,"image_id":8,"category_id":1,"bbox":[12,24,1138,1126],"area":1281388,"segmentation":[],"iscrowd":0},{"id":9,"image_id":9,"category_id":1,"bbox":[163,180,946.43,943.72],"area":893164.92,"segmentation":[],"iscrowd":0},{"id":10,"image_id":10,"category_id":1,"bbox":[3,5,1497.5,1495],"area":2238762.5,"segmentation":[],"iscrowd":0},{"id":11,"image_id":11,"category_id":1,"bbox":[5,13,1275,1267.5],"area":1616062.5,"segmentation":[],"iscrowd":0},{"id":12,"image_id":12,"category_id":1,"bbox":[32,28,940.05,943.66],"area":887087.583,"segmentation":[],"iscrowd":0},{"id":13,"image_id":13,"category_id":1,"bbox":[3,10,1497.5,1490],"area":2231275,"segmentation":[],"iscrowd":0},{"id":14,"image_id":14,"category_id":1,"bbox":[233,250,1077.82,1117.54],"area":1204506.963,"segmentation":[],"iscrowd":0},{"id":15,"image_id":15,"category_id":1,"bbox":[63,55,1437.5,1354.64],"area":1947295,"segmentation":[],"iscrowd":0},{"id":16,"image_id":16,"category_id":1,"bbox":[3,13,1697.5,1347.5],"area":2287381.25,"segmentation":[],"iscrowd":0},{"id":17,"image_id":17,"category_id":1,"bbox":[10,18,950,941.67],"area":894586.5,"segmentation":[],"iscrowd":0},{"id":18,"image_id":18,"category_id":1,"bbox":[7,5,893.33,895],"area":799530.35,"segmentation":[],"iscrowd":0},{"id":19,"image_id":19,"category_id":1,"bbox":[160,584,576.84,527.81],"area":304461.92,"segmentation":[],"iscrowd":0},{"id":20,"image_id":20,"category_id":1,"bbox":[116,82,1001.07,1009.11],"area":1010189.748,"segmentation":[],"iscrowd":0},{"id":21,"image_id":21,"category_id":1,"bbox":[13,20,195.04,190.95],"area":37242.888,"segmentation":[],"iscrowd":0},{"id":22,"image_id":22,"category_id":1,"bbox":[2,7,898.33,893.33],"area":802505.139,"segmentation":[],"iscrowd":0},{"id":23,"image_id":23,"category_id":1,"bbox":[0,8,900,891.67],"area":802503,"segmentation":[],"iscrowd":0},{"id":24,"image_id":24,"category_id":1,"bbox":[3,0,1300.36,1312],"area":1706072.32,"segmentation":[],"iscrowd":0},{"id":25,"image_id":25,"category_id":1,"bbox":[187,307,359.78,353.03],"area":127013.133,"segmentation":[],"iscrowd":0},{"id":26,"image_id":26,"category_id":1,"bbox":[0,8,1280,1272.5],"area":1628800,"segmentation":[],"iscrowd":0},{"id":27,"image_id":27,"category_id":1,"bbox":[45,60,932.35,913.82],"area":852000.077,"segmentation":[],"iscrowd":0},{"id":28,"image_id":28,"category_id":1,"bbox":[80,88,1006.97,1035.36],"area":1042576.459,"segmentation":[],"iscrowd":0},{"id":29,"image_id":29,"category_id":1,"bbox":[78,94,567.04,557.69],"area":316232.538,"segmentation":[],"iscrowd":0},{"id":30,"image_id":30,"category_id":1,"bbox":[0,5,1500,1495],"area":2242500,"segmentation":[],"iscrowd":0},{"id":31,"image_id":31,"category_id":1,"bbox":[3,147,1356.67,1327.86],"area":1801467.826,"segmentation":[],"iscrowd":0},{"id":32,"image_id":32,"category_id":1,"bbox":[56,120,1144,1010.82],"area":1156378.08,"segmentation":[],"iscrowd":0},{"id":33,"image_id":33,"category_id":1,"bbox":[13,10,1293.5,1302],"area":1684137,"segmentation":[],"iscrowd":0},{"id":34,"image_id":34,"category_id":1,"bbox":[48,92,852.92,815.07],"area":695189.504,"segmentation":[],"iscrowd":0},{"id":35,"image_id":35,"category_id":1,"bbox":[66,92,1018.01,997.71],"area":1015678.757,"segmentation":[],"iscrowd":0},{"id":36,"image_id":36,"category_id":1,"bbox":[6,4,1040.61,1046],"area":1088478.06,"segmentation":[],"iscrowd":0},{"id":37,"image_id":37,"category_id":1,"bbox":[5,3,995,996.67],"area":991686.65,"segmentation":[],"iscrowd":0},{"id":38,"image_id":38,"category_id":1,"bbox":[220,180,889.16,958.89],"area":852606.632,"segmentation":[],"iscrowd":0},{"id":39,"image_id":39,"category_id":1,"bbox":[80,81,1110.42,999.09],"area":1109409.518,"segmentation":[],"iscrowd":0},{"id":40,"image_id":40,"category_id":1,"bbox":[140,78,1216.58,1350.15],"area":1642565.487,"segmentation":[],"iscrowd":0},{"id":41,"image_id":41,"category_id":1,"bbox":[45,93,979,855.41],"area":837446.39,"segmentation":[],"iscrowd":0},{"id":42,"image_id":42,"category_id":1,"bbox":[168,103,1196.48,1219.9],"area":1459585.952,"segmentation":[],"iscrowd":0},{"id":43,"image_id":43,"category_id":1,"bbox":[7,183,1353.33,1373.58],"area":1858907.021,"segmentation":[],"iscrowd":0},{"id":44,"image_id":44,"category_id":1,"bbox":[3,5,896.67,895],"area":802519.65,"segmentation":[],"iscrowd":0},{"id":45,"image_id":45,"category_id":1,"bbox":[2,14,1148,1136],"area":1304128,"segmentation":[],"iscrowd":0},{"id":46,"image_id":46,"category_id":1,"bbox":[205,210,1147.02,1045.9],"area":1199668.218,"segmentation":[],"iscrowd":0},{"id":47,"image_id":47,"category_id":1,"bbox":[12,15,1012.33,1009],"area":1021440.97,"segmentation":[],"iscrowd":0},{"id":48,"image_id":48,"category_id":1,"bbox":[32,43,937.95,934.19],"area":876223.511,"segmentation":[],"iscrowd":0},{"id":49,"image_id":49,"category_id":1,"bbox":[110,98,914,832.45],"area":760859.3,"segmentation":[],"iscrowd":0},{"id":50,"image_id":50,"category_id":1,"bbox":[15,40,1485,1460],"area":2168100,"segmentation":[],"iscrowd":0},{"id":51,"image_id":51,"category_id":1,"bbox":[138,87,1070.98,1095.29],"area":1173033.684,"segmentation":[],"iscrowd":0},{"id":52,"image_id":52,"category_id":1,"bbox":[140,100,1023.95,1006.64],"area":1030749.028,"segmentation":[],"iscrowd":0},{"id":53,"image_id":53,"category_id":1,"bbox":[158,148,1224.04,1225.16],"area":1499644.846,"segmentation":[],"iscrowd":0},{"id":54,"image_id":54,"category_id":1,"bbox":[124,120,808.32,758.8],"area":613353.216,"segmentation":[],"iscrowd":0},{"id":55,"image_id":55,"category_id":1,"bbox":[17,8,983.33,950.67],"area":934822.331,"segmentation":[],"iscrowd":0},{"id":56,"image_id":56,"category_id":1,"bbox":[125,130,758.33,744.02],"area":564212.687,"segmentation":[],"iscrowd":0},{"id":57,"image_id":57,"category_id":1,"bbox":[2,2,1048,1048],"area":1098304,"segmentation":[],"iscrowd":0},{"id":58,"image_id":58,"category_id":1,"bbox":[83,85,929.67,910.09],"area":846083.37,"segmentation":[],"iscrowd":0},{"id":59,"image_id":59,"category_id":1,"bbox":[268,277,1107.98,1065.49],"area":1180541.61,"segmentation":[],"iscrowd":0},{"id":60,"image_id":60,"category_id":1,"bbox":[5,5,1307,1301],"area":1700407,"segmentation":[],"iscrowd":0},{"id":61,"image_id":61,"category_id":1,"bbox":[0,3,2000,1996.67],"area":3993340,"segmentation":[],"iscrowd":0},{"id":62,"image_id":62,"category_id":1,"bbox":[130,150,1204.51,1191.3],"area":1434932.763,"segmentation":[],"iscrowd":0},{"id":63,"image_id":63,"category_id":1,"bbox":[30,33,938.49,938.52],"area":880791.635,"segmentation":[],"iscrowd":0},{"id":64,"image_id":64,"category_id":1,"bbox":[50,60,1450,1419.61],"area":2058434.5,"segmentation":[],"iscrowd":0},{"id":65,"image_id":65,"category_id":1,"bbox":[13,5,1487.5,1495],"area":2223812.5,"segmentation":[],"iscrowd":0},{"id":66,"image_id":66,"category_id":1,"bbox":[3,10,996.67,990],"area":986703.3,"segmentation":[],"iscrowd":0},{"id":67,"image_id":67,"category_id":1,"bbox":[5,3,1019,1009.67],"area":1028853.73,"segmentation":[],"iscrowd":0},{"id":68,"image_id":68,"category_id":1,"bbox":[163,178,977.98,939.51],"area":918821.99,"segmentation":[],"iscrowd":0},{"id":69,"image_id":69,"category_id":1,"bbox":[7,17,993.33,983.33],"area":976771.189,"segmentation":[],"iscrowd":0},{"id":70,"image_id":70,"category_id":1,"bbox":[82,94,1050.11,976.6],"area":1025537.426,"segmentation":[],"iscrowd":0},{"id":71,"image_id":71,"category_id":1,"bbox":[0,753,599.82,616.9],"area":370028.958,"segmentation":[],"iscrowd":0},{"id":72,"image_id":72,"category_id":1,"bbox":[12,15,888.33,885],"area":786172.05,"segmentation":[],"iscrowd":0},{"id":73,"image_id":73,"category_id":1,"bbox":[12,121,1211.03,1041.16],"area":1260875.995,"segmentation":[],"iscrowd":0},{"id":74,"image_id":74,"category_id":1,"bbox":[26,62,1124,1067.21],"area":1199544.04,"segmentation":[],"iscrowd":0},{"id":75,"image_id":75,"category_id":1,"bbox":[60,57,987,960.33],"area":947845.71,"segmentation":[],"iscrowd":0},{"id":76,"image_id":76,"category_id":1,"bbox":[135,120,1280.35,1232.63],"area":1578197.82,"segmentation":[],"iscrowd":0},{"id":77,"image_id":77,"category_id":1,"bbox":[94,177,526.67,533.49],"area":280973.178,"segmentation":[],"iscrowd":0},{"id":78,"image_id":78,"category_id":1,"bbox":[115,158,1385,1212.71],"area":1679603.35,"segmentation":[],"iscrowd":0},{"id":79,"image_id":79,"category_id":1,"bbox":[156,147,1055.16,993.21],"area":1047995.464,"segmentation":[],"iscrowd":0},{"id":80,"image_id":80,"category_id":1,"bbox":[3,5,1020.67,1019],"area":1040062.73,"segmentation":[],"iscrowd":0},{"id":81,"image_id":81,"category_id":1,"bbox":[245,227,535.12,541.45],"area":289740.724,"segmentation":[],"iscrowd":0},{"id":82,"image_id":82,"category_id":1,"bbox":[8,8,891.67,891.67],"area":795075.389,"segmentation":[],"iscrowd":0},{"id":83,"image_id":83,"category_id":1,"bbox":[10,15,1490,1485],"area":2212650,"segmentation":[],"iscrowd":0},{"id":84,"image_id":84,"category_id":1,"bbox":[125,113,1127.24,1055.09],"area":1189339.652,"segmentation":[],"iscrowd":0},{"id":85,"image_id":85,"category_id":1,"bbox":[10,20,1490,1480],"area":2205200,"segmentation":[],"iscrowd":0},{"id":86,"image_id":86,"category_id":1,"bbox":[17,12,942.33,988.33],"area":931333.009,"segmentation":[],"iscrowd":0},{"id":87,"image_id":87,"category_id":1,"bbox":[3,8,994.78,991.67],"area":986493.483,"segmentation":[],"iscrowd":0},{"id":88,"image_id":88,"category_id":1,"bbox":[17,30,1983.33,1970],"area":3907160.1,"segmentation":[],"iscrowd":0},{"id":89,"image_id":89,"category_id":1,"bbox":[192,200,907.05,895.54],"area":812299.557,"segmentation":[],"iscrowd":0},{"id":90,"image_id":90,"category_id":1,"bbox":[255,7,605.02,568.46],"area":343929.669,"segmentation":[],"iscrowd":0},{"id":91,"image_id":91,"category_id":1,"bbox":[2,0,998.33,1000],"area":998330,"segmentation":[],"iscrowd":0},{"id":92,"image_id":92,"category_id":1,"bbox":[126,154,589.89,533.08],"area":314458.561,"segmentation":[],"iscrowd":0},{"id":93,"image_id":93,"category_id":1,"bbox":[43,25,924.65,926.53],"area":856715.965,"segmentation":[],"iscrowd":0},{"id":94,"image_id":94,"category_id":1,"bbox":[8,0,1304.5,1306],"area":1703677,"segmentation":[],"iscrowd":0},{"id":95,"image_id":95,"category_id":1,"bbox":[0,5,1280,1275],"area":1632000,"segmentation":[],"iscrowd":0},{"id":96,"image_id":96,"category_id":1,"bbox":[93,123,1233.83,1260.12],"area":1554773.86,"segmentation":[],"iscrowd":0},{"id":97,"image_id":97,"category_id":1,"bbox":[145,132,1067.13,1040.67],"area":1110530.177,"segmentation":[],"iscrowd":0},{"id":98,"image_id":98,"category_id":1,"bbox":[163,183,983.73,916.73],"area":901814.803,"segmentation":[],"iscrowd":0},{"id":99,"image_id":99,"category_id":1,"bbox":[15,13,1265,1267.5],"area":1603387.5,"segmentation":[],"iscrowd":0},{"id":100,"image_id":100,"category_id":1,"bbox":[752,335,609.07,565],"area":344124.55,"segmentation":[],"iscrowd":0},{"id":101,"image_id":101,"category_id":1,"bbox":[23,23,180.43,179.68],"area":32419.662,"segmentation":[],"iscrowd":0},{"id":102,"image_id":102,"category_id":1,"bbox":[15,48,1009,971.98],"area":980727.82,"segmentation":[],"iscrowd":0},{"id":103,"image_id":103,"category_id":1,"bbox":[3,7,996.67,981.8],"area":978530.606,"segmentation":[],"iscrowd":0},{"id":104,"image_id":104,"category_id":1,"bbox":[60,138,1081.46,1028.54],"area":1112324.868,"segmentation":[],"iscrowd":0},{"id":105,"image_id":105,"category_id":1,"bbox":[36,70,763.68,742.27],"area":566856.754,"segmentation":[],"iscrowd":0},{"id":106,"image_id":106,"category_id":1,"bbox":[157,162,651.82,684.38],"area":446092.572,"segmentation":[],"iscrowd":0},{"id":107,"image_id":107,"category_id":1,"bbox":[118,108,1300.7,1262.56],"area":1642211.792,"segmentation":[],"iscrowd":0},{"id":108,"image_id":108,"category_id":1,"bbox":[60,126,1140,1007.73],"area":1148812.2,"segmentation":[],"iscrowd":0},{"id":109,"image_id":109,"category_id":1,"bbox":[145,8,1335.51,1318.03],"area":1760242.245,"segmentation":[],"iscrowd":0},{"id":110,"image_id":110,"category_id":1,"bbox":[4,8,1196,1192],"area":1425632,"segmentation":[],"iscrowd":0},{"id":111,"image_id":111,"category_id":1,"bbox":[18,23,881.67,876.67],"area":772933.639,"segmentation":[],"iscrowd":0},{"id":112,"image_id":112,"category_id":1,"bbox":[17,10,983.33,990],"area":973496.7,"segmentation":[],"iscrowd":0},{"id":113,"image_id":113,"category_id":1,"bbox":[7,13,953.33,946.67],"area":902488.911,"segmentation":[],"iscrowd":0},{"id":114,"image_id":114,"category_id":1,"bbox":[7,15,893.33,885],"area":790597.05,"segmentation":[],"iscrowd":0},{"id":115,"image_id":115,"category_id":1,"bbox":[171,21,678.68,746.57],"area":506682.128,"segmentation":[],"iscrowd":0},{"id":116,"image_id":116,"category_id":1,"bbox":[5,10,995,990],"area":985050,"segmentation":[],"iscrowd":0},{"id":117,"image_id":117,"category_id":1,"bbox":[5,13,1495,1487.5],"area":2223812.5,"segmentation":[],"iscrowd":0},{"id":118,"image_id":118,"category_id":1,"bbox":[18,0,1482.5,1500],"area":2223750,"segmentation":[],"iscrowd":0},{"id":119,"image_id":119,"category_id":1,"bbox":[570,84,542.49,571.45],"area":310005.911,"segmentation":[],"iscrowd":0},{"id":120,"image_id":120,"category_id":1,"bbox":[7,10,1893.33,1890],"area":3578393.7,"segmentation":[],"iscrowd":0},{"id":121,"image_id":121,"category_id":1,"bbox":[173,123,1041.11,1017.44],"area":1059266.958,"segmentation":[],"iscrowd":0},{"id":122,"image_id":122,"category_id":1,"bbox":[8,10,1192,1190],"area":1418480,"segmentation":[],"iscrowd":0},{"id":123,"image_id":123,"category_id":1,"bbox":[44,74,923.54,904.49],"area":835332.695,"segmentation":[],"iscrowd":0},{"id":124,"image_id":124,"category_id":1,"bbox":[20,8,1480,1422.91],"area":2105906.8,"segmentation":[],"iscrowd":0},{"id":125,"image_id":125,"category_id":1,"bbox":[3,3,996.67,996.67],"area":993351.089,"segmentation":[],"iscrowd":0},{"id":126,"image_id":126,"category_id":1,"bbox":[123,48,1118.86,1141.18],"area":1276820.655,"segmentation":[],"iscrowd":0},{"id":127,"image_id":127,"category_id":1,"bbox":[25,8,1475,1492.5],"area":2201437.5,"segmentation":[],"iscrowd":0},{"id":128,"image_id":128,"category_id":1,"bbox":[0,10,1150,1140],"area":1311000,"segmentation":[],"iscrowd":0},{"id":129,"image_id":129,"category_id":1,"bbox":[998,214,842.47,741.47],"area":624666.231,"segmentation":[],"iscrowd":0},{"id":130,"image_id":130,"category_id":1,"bbox":[135,83,1024.05,1053.98],"area":1079328.219,"segmentation":[],"iscrowd":0},{"id":131,"image_id":131,"category_id":1,"bbox":[15,8,1265,1272.5],"area":1609712.5,"segmentation":[],"iscrowd":0},{"id":132,"image_id":132,"category_id":1,"bbox":[5,7,951.85,953.33],"area":907427.161,"segmentation":[],"iscrowd":0},{"id":133,"image_id":133,"category_id":1,"bbox":[10,10,1890,1890],"area":3572100,"segmentation":[],"iscrowd":0},{"id":134,"image_id":134,"category_id":1,"bbox":[123,123,766.64,771.11],"area":591163.77,"segmentation":[],"iscrowd":0},{"id":135,"image_id":135,"category_id":1,"bbox":[78,112,1114.05,1015.26],"area":1131050.403,"segmentation":[],"iscrowd":0},{"id":136,"image_id":136,"category_id":1,"bbox":[65,115,1126.64,1036.13],"area":1167345.503,"segmentation":[],"iscrowd":0},{"id":137,"image_id":137,"category_id":1,"bbox":[13,15,1267.5,1265],"area":1603387.5,"segmentation":[],"iscrowd":0},{"id":138,"image_id":138,"category_id":1,"bbox":[155,143,740.27,744.36],"area":551027.377,"segmentation":[],"iscrowd":0},{"id":139,"image_id":139,"category_id":1,"bbox":[40,28,1360,1464.79],"area":1992114.4,"segmentation":[],"iscrowd":0},{"id":140,"image_id":140,"category_id":1,"bbox":[104,129,1083.35,1006.79],"area":1090705.946,"segmentation":[],"iscrowd":0},{"id":141,"image_id":141,"category_id":1,"bbox":[0,2,900,898.33],"area":808497,"segmentation":[],"iscrowd":0},{"id":142,"image_id":142,"category_id":1,"bbox":[27,33,942.1,950.82],"area":895767.522,"segmentation":[],"iscrowd":0},{"id":143,"image_id":143,"category_id":1,"bbox":[7,15,893.33,885],"area":790597.05,"segmentation":[],"iscrowd":0},{"id":144,"image_id":144,"category_id":1,"bbox":[112,241,742.58,685.85],"area":509298.493,"segmentation":[],"iscrowd":0},{"id":145,"image_id":145,"category_id":1,"bbox":[84,10,1088.42,1077.67],"area":1172957.581,"segmentation":[],"iscrowd":0},{"id":146,"image_id":146,"category_id":1,"bbox":[35,28,941.72,941.42],"area":886554.042,"segmentation":[],"iscrowd":0},{"id":147,"image_id":147,"category_id":1,"bbox":[23,30,1257.5,1195.76],"area":1503668.2,"segmentation":[],"iscrowd":0},{"id":148,"image_id":148,"category_id":1,"bbox":[3,7,1996.67,1993.33],"area":3980022.211,"segmentation":[],"iscrowd":0},{"id":149,"image_id":149,"category_id":1,"bbox":[95,117,1186.28,1233.51],"area":1463288.243,"segmentation":[],"iscrowd":0},{"id":150,"image_id":150,"category_id":1,"bbox":[5,3,895,896.67],"area":802519.65,"segmentation":[],"iscrowd":0},{"id":151,"image_id":151,"category_id":1,"bbox":[3,10,1996.67,1990],"area":3973373.3,"segmentation":[],"iscrowd":0},{"id":152,"image_id":152,"category_id":1,"bbox":[338,258,555.94,593.55],"area":329978.187,"segmentation":[],"iscrowd":0},{"id":153,"image_id":153,"category_id":1,"bbox":[10,118,1389.96,1361],"area":1891735.56,"segmentation":[],"iscrowd":0},{"id":154,"image_id":154,"category_id":1,"bbox":[20,13,182.42,181.11],"area":33038.086,"segmentation":[],"iscrowd":0},{"id":155,"image_id":155,"category_id":1,"bbox":[15,23,1265,1117.39],"area":1413498.35,"segmentation":[],"iscrowd":0},{"id":156,"image_id":156,"category_id":1,"bbox":[8,0,1492.5,1500],"area":2238750,"segmentation":[],"iscrowd":0},{"id":157,"image_id":157,"category_id":1,"bbox":[58,42,932.83,941.2],"area":877979.596,"segmentation":[],"iscrowd":0},{"id":158,"image_id":158,"category_id":1,"bbox":[50,98,891.6,803.98],"area":716828.568,"segmentation":[],"iscrowd":0},{"id":159,"image_id":159,"category_id":1,"bbox":[105,45,1478.55,1330.02],"area":1966501.071,"segmentation":[],"iscrowd":0},{"id":160,"image_id":160,"category_id":1,"bbox":[61,32,924.66,931.4],"area":861228.324,"segmentation":[],"iscrowd":0},{"id":161,"image_id":161,"category_id":1,"bbox":[10,8,1490,1492.5],"area":2223825,"segmentation":[],"iscrowd":0},{"id":162,"image_id":162,"category_id":1,"bbox":[3,0,996.67,981.02],"area":977753.203,"segmentation":[],"iscrowd":0},{"id":163,"image_id":163,"category_id":1,"bbox":[95,58,818.17,812],"area":664354.04,"segmentation":[],"iscrowd":0},{"id":164,"image_id":164,"category_id":1,"bbox":[28,33,937.17,929.35],"area":870958.939,"segmentation":[],"iscrowd":0},{"id":165,"image_id":165,"category_id":1,"bbox":[3,13,1996.67,1986.67],"area":3966724.389,"segmentation":[],"iscrowd":0},{"id":166,"image_id":166,"category_id":1,"bbox":[187,140,893.11,755.95],"area":675146.505,"segmentation":[],"iscrowd":0},{"id":167,"image_id":167,"category_id":1,"bbox":[3,0,1020.67,1024],"area":1045166.08,"segmentation":[],"iscrowd":0},{"id":168,"image_id":168,"category_id":1,"bbox":[0,18,1600,1382.5],"area":2212000,"segmentation":[],"iscrowd":0},{"id":169,"image_id":169,"category_id":1,"bbox":[10,12,1014,1012.33],"area":1026502.62,"segmentation":[],"iscrowd":0},{"id":170,"image_id":170,"category_id":1,"bbox":[60,125,1105.83,1051.06],"area":1162293.68,"segmentation":[],"iscrowd":0},{"id":171,"image_id":171,"category_id":1,"bbox":[0,7,1000,993.33],"area":993330,"segmentation":[],"iscrowd":0},{"id":172,"image_id":172,"category_id":1,"bbox":[20,27,1980,1973.33],"area":3907193.4,"segmentation":[],"iscrowd":0},{"id":173,"image_id":173,"category_id":1,"bbox":[18,63,994.67,868.35],"area":863721.694,"segmentation":[],"iscrowd":0},{"id":174,"image_id":174,"category_id":1,"bbox":[193,90,609.69,628.47],"area":383171.874,"segmentation":[],"iscrowd":0},{"id":175,"image_id":175,"category_id":1,"bbox":[38,72,977.44,927.55],"area":906624.472,"segmentation":[],"iscrowd":0},{"id":176,"image_id":176,"category_id":1,"bbox":[170,135,1022.99,992.14],"area":1014949.299,"segmentation":[],"iscrowd":0},{"id":177,"image_id":177,"category_id":1,"bbox":[107,88,1014.11,1010.82],"area":1025082.67,"segmentation":[],"iscrowd":0},{"id":178,"image_id":178,"category_id":1,"bbox":[3,5,1497.5,1400.47],"area":2097203.825,"segmentation":[],"iscrowd":0},{"id":179,"image_id":179,"category_id":1,"bbox":[109,0,1070.98,1192.23],"area":1276854.485,"segmentation":[],"iscrowd":0},{"id":180,"image_id":180,"category_id":1,"bbox":[10,0,1013,1024],"area":1037312,"segmentation":[],"iscrowd":0},{"id":181,"image_id":181,"category_id":1,"bbox":[67,102,878.18,831.73],"area":730408.651,"segmentation":[],"iscrowd":0},{"id":182,"image_id":182,"category_id":1,"bbox":[120,148,1037.15,1023.28],"area":1061294.852,"segmentation":[],"iscrowd":0},{"id":183,"image_id":183,"category_id":1,"bbox":[147,123,1241.33,1238.32],"area":1537163.766,"segmentation":[],"iscrowd":0},{"id":184,"image_id":184,"category_id":1,"bbox":[8,10,1492.5,1490],"area":2223825,"segmentation":[],"iscrowd":0},{"id":185,"image_id":185,"category_id":1,"bbox":[98,98,1004.3,992.8],"area":997069.04,"segmentation":[],"iscrowd":0},{"id":186,"image_id":186,"category_id":1,"bbox":[118,115,1162.5,1030.57],"area":1198037.625,"segmentation":[],"iscrowd":0},{"id":187,"image_id":187,"category_id":1,"bbox":[10,10,1490,1490],"area":2220100,"segmentation":[],"iscrowd":0},{"id":188,"image_id":188,"category_id":1,"bbox":[10,18,1175.18,1262.5],"area":1483664.75,"segmentation":[],"iscrowd":0},{"id":189,"image_id":189,"category_id":1,"bbox":[58,23,1415.44,1415.24],"area":2003187.306,"segmentation":[],"iscrowd":0},{"id":190,"image_id":190,"category_id":1,"bbox":[7,20,1993.33,1980],"area":3946793.4,"segmentation":[],"iscrowd":0},{"id":191,"image_id":191,"category_id":1,"bbox":[128,100,1038.57,1014.22],"area":1053338.465,"segmentation":[],"iscrowd":0},{"id":192,"image_id":192,"category_id":1,"bbox":[5,3,995,996.67],"area":991686.65,"segmentation":[],"iscrowd":0},{"id":193,"image_id":193,"category_id":1,"bbox":[115,155,1053.93,1035.44],"area":1091281.279,"segmentation":[],"iscrowd":0},{"id":194,"image_id":194,"category_id":1,"bbox":[30,27,943.08,942.29],"area":888654.853,"segmentation":[],"iscrowd":0},{"id":195,"image_id":195,"category_id":1,"bbox":[125,168,980.95,994.17],"area":975231.061,"segmentation":[],"iscrowd":0},{"id":196,"image_id":196,"category_id":1,"bbox":[0,10,2000,1990],"area":3980000,"segmentation":[],"iscrowd":0},{"id":197,"image_id":197,"category_id":1,"bbox":[5,13,1495,1487.5],"area":2223812.5,"segmentation":[],"iscrowd":0},{"id":198,"image_id":198,"category_id":1,"bbox":[10,10,1890,1890],"area":3572100,"segmentation":[],"iscrowd":0},{"id":199,"image_id":199,"category_id":1,"bbox":[103,0,1103.05,1160.6],"area":1280199.83,"segmentation":[],"iscrowd":0}]}